{
  "iter": 54,
  "feasible_success_rate": 0.48,
  "avg_return": -3.16,
  "window": 50,
  "tail_window": 50,
  "tail_percentile": 95.0,
  "energy_p95": 0.29195804195804187,
  "load_p95": 0.07973012878071695,
  "tail_score": 2.9195804195804187,
  "energy_budget": 0.1,
  "load_budget": 0.05
}