{
  "iter": 691,
  "tail_score": 2.3076923076923075,
  "energy_p95": 0.23076923076923078,
  "load_p95": 0.09958295275767644,
  "feasible_success_rate": 0.48,
  "avg_return": -2.06,
  "window": 50,
  "tail_percentile": 95.0,
  "energy_budget": 0.1,
  "load_budget": 0.05
}