{
  "iter": 783,
  "feasible_success_rate": 0.56,
  "avg_return": -1.94,
  "window": 50,
  "tail_window": 50,
  "tail_percentile": 95.0,
  "energy_p95": 0.12961538461538447,
  "load_p95": 0.225352803170681,
  "tail_score": 4.50705606341362,
  "energy_budget": 0.1,
  "load_budget": 0.05
}