{
  "iter": 434,
  "feasible_success_rate": 0.58,
  "avg_return": 7.84,
  "window": 50,
  "tail_window": 50,
  "tail_percentile": 95.0,
  "energy_p95": 1.3333333333333333,
  "load_p95": 1.1225603494094685,
  "tail_score": 1.8709339156824476,
  "energy_budget": 1.2,
  "load_budget": 0.6
}