{
  "best_feasible_iter": 598,
  "best_feasible_return": 8.22,
  "energy_budget": 1.35,
  "load_budget": 0.6,
  "gap_energy": -0.05214843750000009,
  "gap_load": -0.04439780712127683
}