{
  "iter": 352,
  "feasible_success_rate": 0.6,
  "avg_return": -1.7,
  "window": 50,
  "tail_window": 50,
  "tail_percentile": 95.0,
  "energy_p95": 0.2,
  "load_p95": 0.10701175302267074,
  "tail_score": 2.140235060453415,
  "energy_budget": 0.1,
  "load_budget": 0.05
}