{
  "best_feasible_iter": 352,
  "best_feasible_return": -1.7,
  "energy_budget": 0.1,
  "load_budget": 0.05,
  "gap_energy": -0.010644531250000006,
  "gap_load": -0.00039179176092148105
}