{
  "iter": 242,
  "feasible_success_rate": 0.54,
  "avg_return": -2.06,
  "window": 50,
  "tail_window": 50,
  "tail_percentile": 95.0,
  "energy_p95": 0.21692307692307686,
  "load_p95": 0.1970141556859016,
  "tail_score": 3.940283113718032,
  "energy_budget": 0.1,
  "load_budget": 0.05
}