{
  "best_feasible_iter": 340,
  "best_feasible_return": -1.76,
  "energy_budget": 0.1,
  "load_budget": 0.05,
  "gap_energy": -0.014306640625000006,
  "gap_load": -0.0031127735972404508
}