{
  "iter": 385,
  "tail_score": 2.081635811924934,
  "energy_p95": 0.18181818181818182,
  "load_p95": 0.1040817905962467,
  "feasible_success_rate": 0.48,
  "avg_return": -1.98,
  "window": 50,
  "tail_percentile": 95.0,
  "energy_budget": 0.1,
  "load_budget": 0.05
}