{
  "iter": 276,
  "feasible_success_rate": 0.72,
  "avg_return": -59.84,
  "window": 50,
  "tail_window": 50,
  "tail_percentile": 95.0,
  "energy_p95": 0.0,
  "load_p95": 0.148133229558866,
  "tail_score": 2.9626645911773197,
  "energy_budget": 0.1,
  "load_budget": 0.05
}