{
  "success_rate_a": 1.0,
  "success_rate_b": 1.0,
  "feasible_rate_a": 0.15666666666666668,
  "feasible_rate_b": 0.49333333333333335,
  "energy_mean_a": {
    "mean": 0.15458991008991008,
    "median": 0.15384615384615385,
    "p50": 0.15384615384615385,
    "p90": 0.2871428571428575,
    "p95": 0.36363636363636365
  },
  "energy_mean_b": {
    "mean": 0.08184104784104784,
    "median": 0.08333333333333333,
    "p50": 0.08333333333333333,
    "p90": 0.18181818181818182,
    "p95": 0.23076923076923078
  },
  "load_mean_a": {
    "mean": 0.08584820986860751,
    "median": 0.07511277727427937,
    "p50": 0.07511277727427937,
    "p90": 0.1971536902471995,
    "p95": 0.22633980147905286
  },
  "load_mean_b": {
    "mean": 0.03866301869610522,
    "median": 0.012295646965503698,
    "p50": 0.012295646965503698,
    "p90": 0.10958912934769287,
    "p95": 0.14912652030135645
  },
  "detour": {
    "mean_a": 0.0,
    "mean_b": 0.0,
    "median_a": 0.0,
    "median_b": 0.0,
    "p90_a": 0.0,
    "p90_b": 0.0
  },
  "delta_stats": {
    "d_energy_mean": 0.07274886224886225,
    "d_load_mean": 0.047185191172502305,
    "d_detour_mean": 0.0,
    "b_lower_load_ratio": 0.6233333333333333
  },
  "occupancy_L1": 0.48118761197850013,
  "occupancy_JS": 0.06149292165852327,
  "same_traj_count": 4,
  "same_traj_ratio": 0.013333333333333334,
  "num_seeds_traj": 300
}