{
  "iter": 522,
  "feasible_success_rate": 0.62,
  "avg_return": -2.06,
  "window": 50,
  "tail_window": 50,
  "tail_percentile": 95.0,
  "energy_p95": 0.16666666666666666,
  "load_p95": 0.17219365683052085,
  "tail_score": 3.4438731366104167,
  "energy_budget": 0.1,
  "load_budget": 0.05
}