{
  "iter": 524,
  "feasible_success_rate": 0.68,
  "avg_return": -2.0,
  "window": 50,
  "tail_window": 50,
  "tail_percentile": 95.0,
  "energy_p95": 0.19181818181818178,
  "load_p95": 0.13481599998970817,
  "tail_score": 2.6963199997941634,
  "energy_budget": 0.1,
  "load_budget": 0.05
}