{
  "best_feasible_iter": 325,
  "best_feasible_return": -1.66,
  "energy_budget": 0.1,
  "load_budget": 0.05,
  "gap_energy": -0.028710937500000006,
  "gap_load": -0.002611379325389865
}