{
  "iter": 307,
  "feasible_success_rate": 0.56,
  "avg_return": -2.06,
  "window": 50,
  "tail_window": 50,
  "tail_percentile": 95.0,
  "energy_p95": 0.2413461538461538,
  "load_p95": 0.08304159511740392,
  "tail_score": 2.413461538461538,
  "energy_budget": 0.1,
  "load_budget": 0.05
}