{
  "iter": 575,
  "tail_score": 2.3389219332199818,
  "energy_p95": 0.23076923076923078,
  "load_p95": 0.1169460966609991,
  "feasible_success_rate": 0.32,
  "avg_return": -2.18,
  "window": 50,
  "tail_percentile": 95.0,
  "energy_budget": 0.1,
  "load_budget": 0.05
}