{
  "iter": 275,
  "feasible_success_rate": 0.56,
  "avg_return": -1.68,
  "window": 50,
  "tail_window": 50,
  "tail_percentile": 95.0,
  "energy_p95": 0.2413461538461538,
  "load_p95": 0.12272981479763981,
  "tail_score": 2.413461538461538,
  "energy_budget": 0.1,
  "load_budget": 0.07
}