{
  "best_feasible_iter": 350,
  "best_feasible_return": -1.56,
  "energy_budget": 0.1,
  "load_budget": 0.07,
  "gap_energy": -0.010644531250000006,
  "gap_load": -0.0008393746614456243
}