{
  "best_feasible_iter": 78,
  "best_feasible_return": -3.56,
  "energy_budget": 0.1,
  "load_budget": 0.05,
  "gap_energy": -0.044335937500000006,
  "gap_load": -4.28885221481351e-05
}