{
  "iter": 70,
  "feasible_success_rate": 0.6,
  "avg_return": -14.44,
  "window": 50,
  "tail_window": 50,
  "tail_percentile": 95.0,
  "energy_p95": 0.13198380566801607,
  "load_p95": 0.17349883766892624,
  "tail_score": 3.4699767533785244,
  "energy_budget": 0.1,
  "load_budget": 0.05
}