{
  "iter": 284,
  "feasible_success_rate": 0.56,
  "avg_return": -2.18,
  "window": 50,
  "tail_window": 50,
  "tail_percentile": 95.0,
  "energy_p95": 0.21931818181818163,
  "load_p95": 0.15220296631256738,
  "tail_score": 3.0440593262513476,
  "energy_budget": 0.1,
  "load_budget": 0.05
}