{
  "best_feasible_iter": 15,
  "best_feasible_return": 0.0,
  "energy_budget": 1.35,
  "load_budget": 0.2,
  "gap_energy": -0.01894531250000009,
  "gap_load": -0.07521532177925111
}