{
  "approx_kl": {
    "reward_early": {
      "count": 50,
      "mean": 0.002975575613760875,
      "median": 0.0026933448259822195,
      "p10": 0.0019088672041626914,
      "p90": 0.004762364788183042,
      "min": 0.00161659880541265,
      "max": 0.005604677367955446
    },
    "reward_tail": {
      "count": 200,
      "mean": 0.0026392025646627725,
      "median": 0.002362883599562338,
      "p10": 0.0015001234434050869,
      "p90": 0.004210797090343528,
      "min": 0.000510709823786535,
      "max": 0.007068594151254122
    },
    "hyst_early": {
      "count": 50,
      "mean": 0.0029318815171905464,
      "median": 0.002761629145889957,
      "p10": 0.001981145680183545,
      "p90": 0.004050445832988425,
      "min": 0.0012016295388873135,
      "max": 0.0050266246291120415
    },
    "hyst_tail": {
      "count": 200,
      "mean": 0.0024920118489038193,
      "median": 0.0023704091935152455,
      "p10": 0.001449195402421386,
      "p90": 0.0036790671504232137,
      "min": 0.00043016990933280723,
      "max": 0.006989443965721875
    },
    "ratio_hyst_tail_over_reward_early_1_earlyEnd": {
      "mean": 0.8374890012470992,
      "median": 0.8800986678899518
    },
    "ratio_hyst_tail_over_hyst_early_1_earlyEnd": {
      "mean": 0.8499701759066209,
      "median": 0.8583372597450488
    }
  },
  "clip_frac": {
    "reward_early": {
      "count": 50,
      "mean": 0.029843101824729993,
      "median": 0.02677260890151515,
      "p10": 0.013831676136363637,
      "p90": 0.05317708333333334,
      "min": 0.00859375,
      "max": 0.06787109375
    },
    "reward_tail": {
      "count": 200,
      "mean": 0.014106059934443155,
      "median": 0.010868833161544227,
      "p10": 0.002306073309312639,
      "p90": 0.027992788461538454,
      "min": 0.0,
      "max": 0.10516826923076923
    },
    "hyst_early": {
      "count": 50,
      "mean": 0.02951255606754793,
      "median": 0.02557091346153846,
      "p10": 0.01496799914187643,
      "p90": 0.048552525938735186,
      "min": 0.009207589285714286,
      "max": 0.05703125
    },
    "hyst_tail": {
      "count": 200,
      "mean": 0.026584076278082902,
      "median": 0.023352363782051282,
      "p10": 0.009743923611111111,
      "p90": 0.045445312499999994,
      "min": 0.00048828125,
      "max": 0.108154296875
    },
    "ratio_hyst_tail_over_reward_early_1_earlyEnd": {
      "mean": 0.8907946779196242,
      "median": 0.8722483441174721
    },
    "ratio_hyst_tail_over_hyst_early_1_earlyEnd": {
      "mean": 0.900771733130727,
      "median": 0.9132393262828046
    }
  },
  "actor_param_delta_ratio": {
    "reward_early": {
      "count": 50,
      "mean": 0.018150243350975905,
      "median": 0.016473082870690804,
      "p10": 0.010550259599160021,
      "p90": 0.027550271174043763,
      "min": 0.003973484502406033,
      "max": 0.04920195044212288
    },
    "reward_tail": {
      "count": 200,
      "mean": 0.01078498764009534,
      "median": 0.008847443568735774,
      "p10": 0.005138690321321852,
      "p90": 0.01929714322169688,
      "min": 0.003840889290926509,
      "max": 0.04204182179200127
    },
    "hyst_early": {
      "count": 50,
      "mean": 0.01833035901628195,
      "median": 0.014955640609804503,
      "p10": 0.011577126146018421,
      "p90": 0.02871193542902432,
      "min": 0.008403752118686986,
      "max": 0.04920195044212288
    },
    "hyst_tail": {
      "count": 200,
      "mean": 0.010264724839219417,
      "median": 0.009960545002692167,
      "p10": 0.005300829379410851,
      "p90": 0.015295342159746423,
      "min": 0.002331103106679384,
      "max": 0.027150864904383634
    },
    "ratio_hyst_tail_over_reward_early_1_earlyEnd": {
      "mean": 0.5655419952629728,
      "median": 0.6046557939931294
    },
    "ratio_hyst_tail_over_hyst_early_1_earlyEnd": {
      "mean": 0.5599849315609023,
      "median": 0.666005907908907
    }
  },
  "g_c_over_r": {
    "reward_early": {
      "count": 50,
      "mean": 0.0,
      "median": 0.0,
      "p10": 0.0,
      "p90": 0.0,
      "min": 0.0,
      "max": 0.0
    },
    "reward_tail": {
      "count": 200,
      "mean": 0.0,
      "median": 0.0,
      "p10": 0.0,
      "p90": 0.0,
      "min": 0.0,
      "max": 0.0
    },
    "hyst_early": {
      "count": 50,
      "mean": 0.11929571604645506,
      "median": 0.09659824020711172,
      "p10": 0.05252435165098906,
      "p90": 0.18924453293263915,
      "min": 0.0,
      "max": 0.5407828995044068
    },
    "hyst_tail": {
      "count": 200,
      "mean": 0.5529398868325032,
      "median": 0.31503124321726605,
      "p10": 0.07779725455283087,
      "p90": 1.3409636402937795,
      "min": 0.016561516805658424,
      "max": 3.769922251609248
    }
  },
  "adv_penalty_to_reward_ratio": {
    "reward_early": {
      "count": 50,
      "mean": 0.0,
      "median": 0.0,
      "p10": 0.0,
      "p90": 0.0,
      "min": 0.0,
      "max": 0.0
    },
    "reward_tail": {
      "count": 200,
      "mean": 0.0,
      "median": 0.0,
      "p10": 0.0,
      "p90": 0.0,
      "min": 0.0,
      "max": 0.0
    },
    "hyst_early": {
      "count": 50,
      "mean": 0.11152730215263333,
      "median": 0.10121854248812875,
      "p10": 0.05720656921680881,
      "p90": 0.18368807919668614,
      "min": 0.0,
      "max": 0.20002091982425987
    },
    "hyst_tail": {
      "count": 200,
      "mean": 0.47203979086917064,
      "median": 0.44191769700477723,
      "p10": 0.18669711676570686,
      "p90": 0.7654587733939483,
      "min": 0.15801981821936492,
      "max": 1.0292146880033612
    }
  },
  "cos_total_r": {
    "reward_early": {
      "count": 50,
      "mean": 1.0000003318477217,
      "median": 1.0000002688131269,
      "p10": 0.9999999469867122,
      "p90": 1.0000007402361817,
      "min": 0.9999997990916979,
      "max": 1.000000874150668
    },
    "reward_tail": {
      "count": 200,
      "mean": 1.0000005786018864,
      "median": 1.0000001881123086,
      "p10": 1.000000002749037,
      "p90": 1.000001949992841,
      "min": 0.9999998067972857,
      "max": 1.000004886027936
    },
    "hyst_early": {
      "count": 50,
      "mean": 0.9921782383588554,
      "median": 0.9967474481975851,
      "p10": 0.984585109441727,
      "p90": 0.999108057620134,
      "min": 0.9076684288373429,
      "max": 1.0000001180362674
    },
    "hyst_tail": {
      "count": 200,
      "mean": 0.8662430021598343,
      "median": 0.9644095932785113,
      "p10": 0.5545583270913197,
      "p90": 0.9979169354438573,
      "min": -0.3463655009892564,
      "max": 0.9998675537926184
    }
  },
  "cos_total_c": {
    "reward_early": {
      "count": 50,
      "mean": 0.0,
      "median": 0.0,
      "p10": 0.0,
      "p90": 0.0,
      "min": 0.0,
      "max": 0.0
    },
    "reward_tail": {
      "count": 200,
      "mean": 0.0,
      "median": 0.0,
      "p10": 0.0,
      "p90": 0.0,
      "min": 0.0,
      "max": 0.0
    },
    "hyst_early": {
      "count": 50,
      "mean": 0.36983322626774495,
      "median": 0.39882264363516434,
      "p10": -0.10647869216058105,
      "p90": 0.7391116221340103,
      "min": -0.46869640656812783,
      "max": 0.8964886694600158
    },
    "hyst_tail": {
      "count": 200,
      "mean": 0.3638927728733555,
      "median": 0.463483738971351,
      "p10": -0.34421808083036926,
      "p90": 0.8717522261419387,
      "min": -0.6838756935281396,
      "max": 0.977401682604101
    }
  }
}