{
  "iter": 711,
  "feasible_success_rate": 0.72,
  "avg_return": -2.26,
  "window": 50,
  "tail_window": 50,
  "tail_percentile": 95.0,
  "energy_p95": 0.2727272727272727,
  "load_p95": 0.048297606534682715,
  "tail_score": 2.727272727272727,
  "energy_budget": 0.1,
  "load_budget": 0.05
}