{
  "best_feasible_iter": 712,
  "best_feasible_return": -1.96,
  "energy_budget": 0.1,
  "load_budget": 0.05,
  "gap_energy": -0.00039062500000000555,
  "gap_load": -0.02664592415094376
}