{
  "iter": 431,
  "tail_score": 1.415047452004407,
  "energy_p95": 1.8030075187969923,
  "load_p95": 0.7075237260022035,
  "feasible_success_rate": 0.3,
  "avg_return": 3.12,
  "window": 50,
  "tail_percentile": 95.0,
  "energy_budget": 1.35,
  "load_budget": 0.5
}