{
  "iter": 467,
  "feasible_success_rate": 0.52,
  "avg_return": 2.86,
  "window": 50,
  "tail_window": 50,
  "tail_percentile": 95.0,
  "energy_p95": 1.6031674208144795,
  "load_p95": 1.2107349985923888,
  "tail_score": 2.4214699971847775,
  "energy_budget": 1.35,
  "load_budget": 0.5
}