{
  "iter": 323,
  "feasible_success_rate": 0.62,
  "avg_return": -1.84,
  "window": 50,
  "tail_window": 50,
  "tail_percentile": 95.0,
  "energy_p95": 0.18181818181818182,
  "load_p95": 0.1333175052162055,
  "tail_score": 2.66635010432411,
  "energy_budget": 0.1,
  "load_budget": 0.05
}