{
  "iter": 336,
  "feasible_success_rate": 0.52,
  "avg_return": -1.94,
  "window": 50,
  "tail_window": 50,
  "tail_percentile": 95.0,
  "energy_p95": 0.18181818181818182,
  "load_p95": 0.15675430372357366,
  "tail_score": 3.135086074471473,
  "energy_budget": 0.1,
  "load_budget": 0.05
}