{
  "all": {
    "count": 100,
    "success_rate": 1.0,
    "energy_mean": 1.3371111111111111,
    "energy_std": 0.43397911239187703,
    "load_mean": 0.6646740640242476,
    "load_std": 0.813583152757048,
    "corr": -0.0829617763591741,
    "violation_energy_rate": 0.38,
    "violation_load_rate": 0.34
  },
  "success_only": {
    "count": 100,
    "success_rate": 1.0,
    "energy_mean": 1.3371111111111111,
    "energy_std": 0.43397911239187703,
    "load_mean": 0.6646740640242476,
    "load_std": 0.813583152757048,
    "corr": -0.0829617763591741,
    "violation_energy_rate": 0.38,
    "violation_load_rate": 0.34
  },
  "feasible_success_rate": 0.4,
  "energy_budget": 1.35,
  "load_budget": 0.9,
  "mode": "baseline",
  "first_map_hash": "aa74fb6b7b9c44ffe6afa0679b28787a",
  "unique_map_hashes": [
    "01200e298bc4c97157e048e0a31197d2",
    "028f10f4bd857fcda37cc50e5102aec6",
    "09a307b2c487d77db256ee5b6d64bd32",
    "0d89361f9f6584f6242f5e33298905f8",
    "0d8f1df1a1699573533f99287baadc24",
    "0e3e1ee1b39d7511ccb378da9756ae17",
    "1001b9996bfa8b71e394d9f9e4f71767",
    "14cb7aa1fb1a1a46f5fa61d7da58c1b0",
    "184d4367d7147fe4622751b9c6626765",
    "190f0614caf5069b8bf733a5ff8ed34e",
    "1999d2937e9a27c06fac34d0fa53e2ef",
    "1b765c0a784aca981d9d0c2f225b3e07",
    "1e4f59384482406c28eea0d7b235ed9c",
    "221b136058f12b941eedddf4cdcd3513",
    "2324aba215e99e8857b20fede3ae21d2",
    "240405506ab676e7a7907df991a34893",
    "291ea0aca42a0f6d7e4525e5597afb70",
    "35af667ec64960de7337135078613218",
    "3782b9647691cc3364c2e7ce341fcdb5",
    "37a56477b25f80b8d140fe80ce5244fe",
    "388a28a35811138125f5fadcfe62a1ca",
    "3b3b57d9d1efeac123eb24b5c576b0c1",
    "3de63c77c37df88203463aa671968521",
    "3ed8f50b65cbb9471bcda8b2a07ddf32",
    "409471d91ee448605709177b9a007e67",
    "40a081af43384598e01432e9f3c992ac",
    "416adaceb1c8e37492236a7c78bbf1da",
    "43bdacbca851c9d2ed8bf8888c630ba5",
    "447478053d46f25f0091ee1b64f474b8",
    "4be2581454e6023b147caf67db5bb879",
    "4cac27dae4848ca3346297b77cc1ba13",
    "4e1638b5e4c5077b29907a783486076e",
    "544a7cffda4b46f16f219f70380b559f",
    "5c7f8c4a613bb335df7170df0ea64dc4",
    "60810eb3b4942dd063767198ea15543c",
    "63b98f85d7539508f63222618807b294",
    "67645985a7b348ccc175397577e11185",
    "67c13a653fa5e92eeaf468eeb5de5261",
    "69315ed15c030c276321219df1e7e69c",
    "6952ade2f29b3354ababece1c0c61dd9",
    "6b0a77c422a0dc72bb460a248b0e50ff",
    "6b32d5f0992fb985ac9236e3b53f3ba8",
    "6b43c5782f6645ce0f4ed6393307d22d",
    "71b3c9d3abf63e52c79c0c1cb11069ab",
    "73e16f4d9fb6e382308f6f7b46d9d0b7",
    "7570a920184299d168d2852f654252f2",
    "7bebe41402db30dba9ab34a2b8d81b3a",
    "7cb16be2a304db254a66647aa6b9e9db",
    "7ebd4a237365f98254333df995b77fcb",
    "7ecccb1662c6d0b0f13389aadc3d9c45",
    "826e2678c0e2dd264eac723de0ff1209",
    "842d89d69670a36f9844e40130ba1bb3",
    "842de408a84fba76758f398695a6ae1e",
    "850fa7dd61047a01c8f06b7b576dccdc",
    "8669e15b52a83328d3bc13c34f3f38b6",
    "8b1f5fba98a36385cfd592c4310dc2f8",
    "8c8ae2a87a17ddb175171062543dd089",
    "8de73b82f5896bed1a46a4154730d03e",
    "8e50563f8675160c26d75ce2fdff82d1",
    "8ebcba43400937bc860f65aca856fda8",
    "916f5e88b1866d2ba9674ee5555cf645",
    "94c03638d35a50dd23b1eef239dca692",
    "97c137fa9f3bc30d72c539c4d4d73b20",
    "9e11dcfee96d71a83e17e4acc608a9a6",
    "a4091d58272592b8c3bb7ef488e4b204",
    "aa74fb6b7b9c44ffe6afa0679b28787a",
    "aec0bd3fafb1966cb1645cd01baa71dc",
    "afcd02183a8efb546b5558d9963ccd30",
    "b5bcdd54c0e151bff14f1b25ca16ba68",
    "b600543fc70bd34b795094719be11015",
    "b99f2e63ce3c0c6fcef3468292c2ca30",
    "b9e17ded3d59f4b7536754b67db7411c",
    "bd8bc19a0eb78721c67a51de2ea33e1f",
    "bd9e05415b6ecae9e77e889c45430cae",
    "be1262ab172153d4621ff172269e7bce",
    "bf2d03654b5111477aa11392556d02a0",
    "c48cebe7fe3d0e2b63e9c7ab8f3582cb",
    "c52269f00e1cd36badcfcbc131c420b8",
    "c991713eb8f921cb369c9def902b1656",
    "cc8fb828514dbce6fdc748d67afa3d70",
    "cce4d4f223a438374c6531e596b14a7f",
    "cd991844570f5d9dbac435cbaeef9dd9",
    "ce97758a551a7d014b07b864ecb2a378",
    "d0b43fd70c0804381e351cc9cf9c009d",
    "d207b96e5ad843e648e53e7996b84471",
    "d2941ee9f568e07dc1744ae597001b43",
    "d48203b66d0dae14d5e302104c92721d",
    "d6019aa71453248a6ef8b5c163c33735",
    "de52cb55489923d814297df2d9f6e026",
    "e2ba1de2339441834db4e4247028d0ed",
    "e43526354a9019ed1bc97ebc952042ae",
    "e70cdb5cf4db9619329f8d2eeaca104b",
    "e7986cee242d70009194cf5265361508",
    "eb7cae4fcd0eab5ceea285b2f96dc314",
    "eb98832e27b0a6336831eece458fa075",
    "ed1b62a54a4ec5618eafb2eb3d41efd2",
    "f38e415cffea270a814c3947e03a22ca",
    "f74013bfd243a13cd551fb186a034bdd",
    "f891114914b220f9f57dcd43a507026b",
    "ff50eca77e5ce6c141c755b10e4d18a8"
  ]
}