{
  "iter": 391,
  "feasible_success_rate": 0.56,
  "avg_return": 7.68,
  "window": 50,
  "tail_window": 50,
  "tail_percentile": 95.0,
  "energy_p95": 1.6928571428571426,
  "load_p95": 1.0136854487936942,
  "tail_score": 1.6894757479894904,
  "energy_budget": 1.35,
  "load_budget": 0.6
}