{
  "iter": 343,
  "tail_score": 1.32557242518464,
  "energy_p95": 1.7230769230769227,
  "load_p95": 0.795343455110784,
  "feasible_success_rate": 0.38,
  "avg_return": 7.68,
  "window": 50,
  "tail_percentile": 95.0,
  "energy_budget": 1.35,
  "load_budget": 0.6
}