{
  "best_feasible_iter": 429,
  "best_feasible_return": 8.32,
  "energy_budget": 1.35,
  "load_budget": 0.6,
  "gap_energy": -0.008203125000000089,
  "gap_load": -0.05670342445373533
}