{
  "iter": 261,
  "tail_score": 2.260875056187311,
  "energy_p95": 0.18181818181818182,
  "load_p95": 0.11304375280936556,
  "feasible_success_rate": 0.46,
  "avg_return": -2.18,
  "window": 50,
  "tail_percentile": 95.0,
  "energy_budget": 0.1,
  "load_budget": 0.05
}