{
  "iter": 393,
  "feasible_success_rate": 0.54,
  "avg_return": -1.84,
  "window": 50,
  "tail_window": 50,
  "tail_percentile": 95.0,
  "energy_p95": 0.25,
  "load_p95": 0.1531885667145252,
  "tail_score": 5.10628555715084,
  "energy_budget": 0.1,
  "load_budget": 0.03
}