{
  "iter": 790,
  "feasible_success_rate": 0.42,
  "avg_return": -1.84,
  "window": 50,
  "tail_window": 50,
  "tail_percentile": 95.0,
  "energy_p95": 0.28173076923076906,
  "load_p95": 0.19329998737031762,
  "tail_score": 3.8659997474063523,
  "energy_budget": 0.1,
  "load_budget": 0.05
}