{
  "iter": 67,
  "feasible_success_rate": 0.74,
  "avg_return": -2.74,
  "window": 50,
  "tail_window": 50,
  "tail_percentile": 95.0,
  "energy_p95": 0.17499999999999996,
  "load_p95": 0.10728645945588748,
  "tail_score": 2.1457291891177497,
  "energy_budget": 0.1,
  "load_budget": 0.05
}