{
  "best_feasible_iter": 227,
  "best_feasible_return": 7.28,
  "energy_budget": 1.35,
  "load_budget": 0.9,
  "gap_energy": -0.02089843750000009,
  "gap_load": -0.0025517582893371804
}