{
  "iter": 162,
  "feasible_success_rate": 0.54,
  "avg_return": 7.6,
  "window": 50,
  "tail_window": 50,
  "tail_percentile": 95.0,
  "energy_p95": 1.4467032967032967,
  "load_p95": 0.8240099147757669,
  "tail_score": 1.6480198295515338,
  "energy_budget": 1.2,
  "load_budget": 0.5
}