{
  "iter": 32,
  "tail_score": 1.574037608053339,
  "energy_p95": 1.7503496503496503,
  "load_p95": 0.7870188040266695,
  "feasible_success_rate": 0.18,
  "avg_return": 6.2,
  "window": 50,
  "tail_percentile": 95.0,
  "energy_budget": 1.2,
  "load_budget": 0.5
}