{
  "iter": 683,
  "feasible_success_rate": 0.78,
  "avg_return": -69.58,
  "window": 50,
  "tail_window": 50,
  "tail_percentile": 95.0,
  "energy_p95": 0.0,
  "load_p95": 0.06564329667733262,
  "tail_score": 1.3128659335466524,
  "energy_budget": 0.1,
  "load_budget": 0.05
}