{
  "lagrange": {
    "total_energy_mean": 195.0,
    "total_energy_std": 126.01058156625842,
    "total_energy_p50": 257.0,
    "total_energy_p90": 259.4,
    "total_energy_p95": 259.7,
    "total_energy_gt0_pct": 100.0,
    "total_load_mean": 2.1118585858494043,
    "total_load_std": 4.223717171698809,
    "total_load_p50": 0.0,
    "total_load_p90": 5.913204040378334,
    "total_load_p95": 7.180319191887971,
    "total_load_gt0_pct": 25.0,
    "gap_energy_mean": 193.8,
    "gap_energy_std": 126.01058156625842,
    "gap_energy_p50": 255.8,
    "gap_energy_p90": 258.2,
    "gap_energy_p95": 258.5,
    "gap_energy_gt0_pct": 100.0,
    "gap_load_mean": 1.6118585858494043,
    "gap_load_std": 4.223717171698809,
    "gap_load_p50": -0.5,
    "gap_load_p90": 5.413204040378334,
    "gap_load_p95": 6.680319191887971,
    "gap_load_gt0_pct": 25.0,
    "success_rate": 0.25,
    "feasible_rate": 0.0
  },
  "reward_only": {
    "total_energy_mean": 257.0,
    "total_energy_std": 1.1547005383792515,
    "total_energy_p50": 257.0,
    "total_energy_p90": 258.0,
    "total_energy_p95": 258.0,
    "total_energy_gt0_pct": 100.0,
    "total_load_mean": 230.85161667317152,
    "total_load_std": 309.9929750333782,
    "total_load_p50": 133.95150184631348,
    "total_load_p90": 539.2233252078296,
    "total_load_p95": 597.3633941039442,
    "total_load_gt0_pct": 50.0,
    "gap_energy_mean": 255.8,
    "gap_energy_std": 1.1547005383792515,
    "gap_energy_p50": 255.8,
    "gap_energy_p90": 256.8,
    "gap_energy_p95": 256.8,
    "gap_energy_gt0_pct": 100.0,
    "gap_load_mean": 230.35161667317152,
    "gap_load_std": 309.9929750333782,
    "gap_load_p50": 133.45150184631348,
    "gap_load_p90": 538.7233252078296,
    "gap_load_p95": 596.8633941039442,
    "gap_load_gt0_pct": 50.0,
    "success_rate": 0.0,
    "feasible_rate": 0.0
  },
  "delta_mean_energy": -62.0,
  "delta_mean_load": -228.73975808732212,
  "delta_p95_energy": 1.6999999999999886,
  "delta_p95_load": -590.1830749120562,
  "delta_feasible_rate": 0.0,
  "budget_energy": 1.2,
  "budget_load": 0.5
}