{
  "iter": 21,
  "tail_score": 2.7254773192107673,
  "energy_p95": 0.1907894736842104,
  "load_p95": 0.13627386596053837,
  "feasible_success_rate": 0.36,
  "avg_return": -6.7,
  "window": 50,
  "tail_percentile": 95.0,
  "energy_budget": 0.1,
  "load_budget": 0.05
}