{
  "best_feasible_iter": 397,
  "best_feasible_return": 8.26,
  "energy_budget": 1.35,
  "load_budget": 0.6,
  "gap_energy": -0.04140625000000009,
  "gap_load": -0.027738189697265603
}