{
  "best_feasible_iter": 550,
  "best_feasible_return": 8.34,
  "energy_budget": 1.35,
  "load_budget": 0.9,
  "gap_energy": -0.01601562500000009,
  "gap_load": -0.05459793806076052
}