{
  "best_feasible_iter": 482,
  "best_feasible_return": 14.44,
  "energy_budget": 1.35,
  "load_budget": 1.025,
  "gap_energy": -0.0013671875000000888,
  "gap_load": -0.006381177902221591
}