{
  "iter": 52,
  "tail_score": 1.3372418193927802,
  "energy_p95": 1.7503496503496503,
  "load_p95": 0.802345091635668,
  "feasible_success_rate": 0.34,
  "avg_return": 5.94,
  "window": 50,
  "tail_percentile": 95.0,
  "energy_budget": 1.35,
  "load_budget": 0.6
}