{
  "iter": 334,
  "feasible_success_rate": 0.62,
  "avg_return": 7.9,
  "window": 50,
  "tail_window": 50,
  "tail_percentile": 95.0,
  "energy_p95": 1.5,
  "load_p95": 1.1094406370360117,
  "tail_score": 1.849067728393353,
  "energy_budget": 1.35,
  "load_budget": 0.6
}