{
  "iter": 637,
  "tail_score": 1.7499999999999996,
  "energy_p95": 0.17499999999999996,
  "load_p95": 0.07458197695131484,
  "feasible_success_rate": 0.68,
  "avg_return": -1.86,
  "window": 50,
  "tail_percentile": 95.0,
  "energy_budget": 0.1,
  "load_budget": 0.05
}