{
  "iter": 131,
  "tail_score": 1.8109632776333733,
  "energy_p95": 0.17499999999999996,
  "load_p95": 0.09054816388166867,
  "feasible_success_rate": 0.52,
  "avg_return": -2.16,
  "window": 50,
  "tail_percentile": 95.0,
  "energy_budget": 0.1,
  "load_budget": 0.05
}