{
  "best_feasible_iter": 255,
  "best_feasible_return": -1.72,
  "energy_budget": 0.1,
  "load_budget": 0.05,
  "gap_energy": -0.0072265625000000056,
  "gap_load": -0.011211517453193667
}