{
  "iter": 585,
  "feasible_success_rate": 0.76,
  "avg_return": 8.06,
  "window": 50,
  "tail_window": 50,
  "tail_percentile": 95.0,
  "energy_p95": 1.4549999999999996,
  "load_p95": 0.7129779842332936,
  "tail_score": 1.4259559684665872,
  "energy_budget": 1.35,
  "load_budget": 0.5
}