{
  "iter": 481,
  "feasible_success_rate": 0.26,
  "avg_return": -1.84,
  "window": 50,
  "tail_window": 50,
  "tail_percentile": 95.0,
  "energy_p95": 0.39280303030303015,
  "load_p95": 0.1555626019835472,
  "tail_score": 3.9280303030303014,
  "energy_budget": 0.1,
  "load_budget": 0.05
}