{
  "iter": 85,
  "tail_score": 1.690418507252539,
  "energy_p95": 0.16666666666666666,
  "load_p95": 0.08452092536262695,
  "feasible_success_rate": 0.68,
  "avg_return": -2.52,
  "window": 50,
  "tail_percentile": 95.0,
  "energy_budget": 0.1,
  "load_budget": 0.05
}