{
  "best_feasible_iter": 311,
  "best_feasible_return": -1.74,
  "energy_budget": 0.1,
  "load_budget": 0.05,
  "gap_energy": -0.0011230468750000056,
  "gap_load": -0.0036473304033279447
}