{
  "iter": 251,
  "tail_score": 2.082512407348706,
  "energy_p95": 0.18181818181818182,
  "load_p95": 0.1041256203674353,
  "feasible_success_rate": 0.48,
  "avg_return": -2.24,
  "window": 50,
  "tail_percentile": 95.0,
  "energy_budget": 0.1,
  "load_budget": 0.05
}