{
  "best_feasible_iter": 311,
  "best_feasible_return": -1.6,
  "energy_budget": 0.1,
  "load_budget": 0.05,
  "gap_energy": -0.008447265625000006,
  "gap_load": -0.0012099176645278958
}