{
  "iter": 668,
  "tail_score": 1.4382088510319584,
  "energy_p95": 1.6928571428571426,
  "load_p95": 0.7191044255159792,
  "feasible_success_rate": 0.38,
  "avg_return": 4.54,
  "window": 50,
  "tail_percentile": 95.0,
  "energy_budget": 1.35,
  "load_budget": 0.5
}