{
  "iter": 781,
  "feasible_success_rate": 0.56,
  "avg_return": 2.84,
  "window": 50,
  "tail_window": 50,
  "tail_percentile": 95.0,
  "energy_p95": 1.551010101010101,
  "load_p95": 1.1217702148132953,
  "tail_score": 2.2435404296265906,
  "energy_budget": 1.35,
  "load_budget": 0.5
}