{
  "best_feasible_iter": 49,
  "best_feasible_return": 13.54,
  "energy_budget": 1.35,
  "load_budget": 1.0,
  "gap_energy": -0.012109375000000089,
  "gap_load": -0.00047469139099121094
}