{
  "iter": 149,
  "feasible_success_rate": 0.32,
  "avg_return": 8.12,
  "window": 50,
  "tail_window": 50,
  "tail_percentile": 95.0,
  "energy_p95": 1.4174825174825172,
  "load_p95": 1.1696161936799234,
  "tail_score": 2.339232387359847,
  "energy_budget": 1.0,
  "load_budget": 0.5
}