{
  "iter": 363,
  "tail_score": 2.297186329960823,
  "energy_p95": 0.20874125874125862,
  "load_p95": 0.11485931649804115,
  "feasible_success_rate": 0.32,
  "avg_return": -2.04,
  "window": 50,
  "tail_percentile": 95.0,
  "energy_budget": 0.1,
  "load_budget": 0.05
}