{
  "iter": 296,
  "feasible_success_rate": 0.56,
  "avg_return": -1.96,
  "window": 50,
  "tail_window": 50,
  "tail_percentile": 95.0,
  "energy_p95": 0.23076923076923078,
  "load_p95": 0.1596599596051069,
  "tail_score": 3.1931991921021377,
  "energy_budget": 0.1,
  "load_budget": 0.05
}