{
  "iter": 621,
  "tail_score": 1.5381073294362673,
  "energy_p95": 1.8044871794871793,
  "load_p95": 0.7690536647181336,
  "feasible_success_rate": 0.42,
  "avg_return": 7.82,
  "window": 50,
  "tail_percentile": 95.0,
  "energy_budget": 1.35,
  "load_budget": 0.5
}