{
  "iter": 102,
  "feasible_success_rate": 0.56,
  "avg_return": 7.8,
  "window": 50,
  "tail_window": 50,
  "tail_percentile": 95.0,
  "energy_p95": 1.6666666666666667,
  "load_p95": 0.9818857302889227,
  "tail_score": 1.9637714605778454,
  "energy_budget": 1.35,
  "load_budget": 0.5
}