{
  "iter": 79,
  "tail_score": 1.5783854119945318,
  "energy_p95": 1.6769230769230767,
  "load_p95": 0.7891927059972659,
  "feasible_success_rate": 0.42,
  "avg_return": 8.04,
  "window": 50,
  "tail_percentile": 95.0,
  "energy_budget": 1.35,
  "load_budget": 0.5
}