{
  "success_rate_a": 1.0,
  "success_rate_b": 1.0,
  "feasible_rate_a": 0.14,
  "feasible_rate_b": 0.49,
  "energy_mean_a": {
    "mean": 0.15616250416250416,
    "median": 0.15384615384615385,
    "p50": 0.15384615384615385,
    "p90": 0.30076923076923073,
    "p95": 0.36363636363636365
  },
  "energy_mean_b": {
    "mean": 0.08161879786879787,
    "median": 0.08333333333333333,
    "p50": 0.08333333333333333,
    "p90": 0.18181818181818182,
    "p95": 0.23076923076923078
  },
  "load_mean_a": {
    "mean": 0.0831743411642316,
    "median": 0.0728590575131503,
    "p50": 0.0728590575131503,
    "p90": 0.18597164377570152,
    "p95": 0.22576235864129102
  },
  "load_mean_b": {
    "mean": 0.0393993017740183,
    "median": 0.013936434342310983,
    "p50": 0.013936434342310983,
    "p90": 0.11414411122148685,
    "p95": 0.15755038159588972
  },
  "detour": {
    "mean_a": 0.0,
    "mean_b": 0.0,
    "median_a": 0.0,
    "median_b": 0.0,
    "p90_a": 0.0,
    "p90_b": 0.0
  },
  "delta_stats": {
    "d_energy_mean": 0.0745437062937063,
    "d_load_mean": 0.04377503939021331,
    "d_detour_mean": 0.0,
    "b_lower_load_ratio": 0.63
  },
  "occupancy_L1": 0.5216061185468451,
  "occupancy_JS": 0.06736416722864054
}