{
  "best_feasible_iter": 705,
  "best_feasible_return": 8.28,
  "energy_budget": 1.35,
  "load_budget": 0.6,
  "gap_energy": -0.002343750000000089,
  "gap_load": -0.02883324623107908
}