{
  "iter": 170,
  "feasible_success_rate": 0.5,
  "avg_return": 6.74,
  "window": 50,
  "tail_window": 50,
  "tail_percentile": 95.0,
  "energy_p95": 1.5597402597402596,
  "load_p95": 1.071522716164159,
  "tail_score": 1.7858711936069316,
  "energy_budget": 1.35,
  "load_budget": 0.6
}