{
  "iter": 45,
  "tail_score": 1.5296808945444913,
  "energy_p95": 1.7774999999999999,
  "load_p95": 0.9178085367266947,
  "feasible_success_rate": 0.34,
  "avg_return": 6.64,
  "window": 50,
  "tail_percentile": 95.0,
  "energy_budget": 1.35,
  "load_budget": 0.6
}