{
  "best_feasible_iter": 752,
  "best_feasible_return": 15.66,
  "energy_budget": 1.35,
  "load_budget": 100.0,
  "gap_energy": -0.008203125000000089,
  "gap_load": -98.93892574310303
}