{
  "iter": 472,
  "feasible_success_rate": 0.56,
  "avg_return": 8.04,
  "window": 50,
  "tail_window": 50,
  "tail_percentile": 95.0,
  "energy_p95": 1.5839160839160837,
  "load_p95": 0.8261195765808224,
  "tail_score": 1.6522391531616447,
  "energy_budget": 1.2,
  "load_budget": 0.5
}