{
  "iter": 80,
  "feasible_success_rate": 0.56,
  "avg_return": 6.46,
  "window": 50,
  "tail_window": 50,
  "tail_percentile": 95.0,
  "energy_p95": 1.6479166666666667,
  "load_p95": 1.1082473671173347,
  "tail_score": 1.847078945195558,
  "energy_budget": 1.35,
  "load_budget": 0.6
}