{
  "iter": 290,
  "feasible_success_rate": 0.46,
  "avg_return": -2.04,
  "window": 50,
  "tail_window": 50,
  "tail_percentile": 95.0,
  "energy_p95": 0.2624999999999999,
  "load_p95": 0.1651917222435727,
  "tail_score": 3.303834444871454,
  "energy_budget": 0.1,
  "load_budget": 0.05
}