{
  "iter": 211,
  "tail_score": 2.6668579752246537,
  "energy_p95": 0.2624999999999999,
  "load_p95": 0.1333428987612327,
  "feasible_success_rate": 0.2,
  "avg_return": -2.0,
  "window": 50,
  "tail_percentile": 95.0,
  "energy_budget": 0.1,
  "load_budget": 0.05
}