{
  "iter": 30,
  "tail_score": 1.787236419025358,
  "energy_p95": 0.17826086956521736,
  "load_p95": 0.0893618209512679,
  "feasible_success_rate": 0.64,
  "avg_return": -7.36,
  "window": 50,
  "tail_percentile": 95.0,
  "energy_budget": 0.1,
  "load_budget": 0.05
}