{
  "iter": 772,
  "tail_score": 1.137395034233728,
  "energy_p95": 1.525,
  "load_p95": 0.568697517116864,
  "feasible_success_rate": 0.66,
  "avg_return": 7.86,
  "window": 50,
  "tail_percentile": 95.0,
  "energy_budget": 1.35,
  "load_budget": 0.5
}