{
  "iter": 60,
  "feasible_success_rate": 0.74,
  "avg_return": -18.36,
  "window": 50,
  "tail_window": 50,
  "tail_percentile": 95.0,
  "energy_p95": 0.106296992481203,
  "load_p95": 0.08993788278278181,
  "tail_score": 1.7987576556556362,
  "energy_budget": 0.1,
  "load_budget": 0.05
}