{
  "iter": 403,
  "tail_score": 0.2563536603485,
  "energy_p95": 0.0,
  "load_p95": 0.012817683017425,
  "feasible_success_rate": 0.32,
  "avg_return": -183.46,
  "window": 50,
  "tail_percentile": 95.0,
  "energy_budget": 0.1,
  "load_budget": 0.05
}