{
  "iter": 548,
  "tail_score": 2.1692307692307686,
  "energy_p95": 0.21692307692307686,
  "load_p95": 0.061767561982075295,
  "feasible_success_rate": 0.56,
  "avg_return": -1.96,
  "window": 50,
  "tail_percentile": 95.0,
  "energy_budget": 0.1,
  "load_budget": 0.05
}