{
  "success_rate_a": 1.0,
  "success_rate_b": 1.0,
  "feasible_rate_a": 0.485,
  "feasible_rate_b": 0.49,
  "energy_mean_a": {
    "mean": 0.07243165168165168,
    "median": 0.07692307692307693,
    "p50": 0.07692307692307693,
    "p90": 0.16666666666666666,
    "p95": 0.2
  },
  "energy_mean_b": {
    "mean": 0.08161879786879787,
    "median": 0.08333333333333333,
    "p50": 0.08333333333333333,
    "p90": 0.18181818181818182,
    "p95": 0.23076923076923078
  },
  "load_mean_a": {
    "mean": 0.04588812284443752,
    "median": 0.02672566650878816,
    "p50": 0.02672566650878816,
    "p90": 0.14042124353123434,
    "p95": 0.1576457894557006
  },
  "load_mean_b": {
    "mean": 0.0393993017740183,
    "median": 0.013936434342310983,
    "p50": 0.013936434342310983,
    "p90": 0.11414411122148685,
    "p95": 0.15755038159588972
  },
  "detour": {
    "mean_a": 0.0,
    "mean_b": 0.0,
    "median_a": 0.0,
    "median_b": 0.0,
    "p90_a": 0.0,
    "p90_b": 0.0
  },
  "delta_stats": {
    "d_energy_mean": -0.00918714618714619,
    "d_load_mean": 0.0064888210704192265,
    "d_detour_mean": 0.0,
    "b_lower_load_ratio": 0.275
  },
  "occupancy_L1": 0.30975143403441685,
  "occupancy_JS": 0.026519375374258213
}