{
  "iter": 691,
  "feasible_success_rate": 0.64,
  "avg_return": -2.08,
  "window": 50,
  "tail_window": 50,
  "tail_percentile": 95.0,
  "energy_p95": 0.17499999999999996,
  "load_p95": 0.11717634453223302,
  "tail_score": 2.3435268906446605,
  "energy_budget": 0.1,
  "load_budget": 0.05
}