{
  "best_feasible_iter": 345,
  "best_feasible_return": 8.22,
  "energy_budget": 1.35,
  "load_budget": 0.67,
  "gap_energy": -0.03359375000000009,
  "gap_load": -0.050076050758361856
}