{
  "iter": 184,
  "tail_score": 2.6887171043010496,
  "energy_p95": 0.1,
  "load_p95": 0.1882101973010735,
  "feasible_success_rate": 0.2,
  "avg_return": -1.84,
  "window": 50,
  "tail_percentile": 95.0,
  "energy_budget": 0.05,
  "load_budget": 0.07
}