{
  "iter": 367,
  "feasible_success_rate": 0.62,
  "avg_return": -1.88,
  "window": 50,
  "tail_window": 50,
  "tail_percentile": 95.0,
  "energy_p95": 0.20874125874125862,
  "load_p95": 0.13278424054609994,
  "tail_score": 2.655684810921999,
  "energy_budget": 0.1,
  "load_budget": 0.05
}