{
  "best_feasible_iter": 373,
  "best_feasible_return": -1.7,
  "energy_budget": 0.1,
  "load_budget": 0.05,
  "gap_energy": -0.019189453125000006,
  "gap_load": -0.002147860080003741
}