{
  "iter": 392,
  "tail_score": 2.1076399469917466,
  "energy_p95": 0.16666666666666666,
  "load_p95": 0.10538199734958734,
  "feasible_success_rate": 0.42,
  "avg_return": -2.02,
  "window": 50,
  "tail_percentile": 95.0,
  "energy_budget": 0.1,
  "load_budget": 0.05
}