{
  "iter": 4,
  "tail_score": 2.464414576121579,
  "energy_p95": 1.8257889546351083,
  "load_p95": 1.2322072880607895,
  "feasible_success_rate": 0.1,
  "avg_return": -41.44,
  "window": 50,
  "tail_percentile": 95.0,
  "energy_budget": 1.35,
  "load_budget": 0.5
}