{
  "iter": 57,
  "tail_score": 1.6918242538259138,
  "energy_p95": 0.16666666666666666,
  "load_p95": 0.0845912126912957,
  "feasible_success_rate": 0.56,
  "avg_return": -3.48,
  "window": 50,
  "tail_percentile": 95.0,
  "energy_budget": 0.1,
  "load_budget": 0.05
}