{
  "best_feasible_iter": 654,
  "best_feasible_return": -1.68,
  "energy_budget": 0.1,
  "load_budget": 0.05,
  "gap_energy": -0.027246093750000006,
  "gap_load": -0.005910488963127139
}