{
  "iter": 467,
  "feasible_success_rate": 0.64,
  "avg_return": -61.76,
  "window": 50,
  "tail_window": 50,
  "tail_percentile": 95.0,
  "energy_p95": 0.0,
  "load_p95": 0.11825018070447135,
  "tail_score": 2.365003614089427,
  "energy_budget": 0.1,
  "load_budget": 0.05
}