{
  "iter": 332,
  "tail_score": 2.243635068833828,
  "energy_p95": 0.18181818181818182,
  "load_p95": 0.11218175344169139,
  "feasible_success_rate": 0.54,
  "avg_return": -1.96,
  "window": 50,
  "tail_percentile": 95.0,
  "energy_budget": 0.1,
  "load_budget": 0.05
}