{
  "best_feasible_iter": 394,
  "best_feasible_return": -1.62,
  "energy_budget": 0.1,
  "load_budget": 0.05,
  "gap_energy": -0.013818359375000006,
  "gap_load": -0.002893298119306567
}