{
  "iter": 262,
  "feasible_success_rate": 0.56,
  "avg_return": -2.24,
  "window": 50,
  "tail_window": 50,
  "tail_percentile": 95.0,
  "energy_p95": 0.23076923076923078,
  "load_p95": 0.1454280188928047,
  "tail_score": 2.908560377856094,
  "energy_budget": 0.1,
  "load_budget": 0.05
}