{
  "best_feasible_iter": 418,
  "best_feasible_return": 8.36,
  "energy_budget": 1.35,
  "load_budget": 0.9,
  "gap_energy": -0.008203125000000089,
  "gap_load": -0.044669055938720725
}