{
  "iter": 257,
  "tail_score": 1.9250976219773286,
  "energy_p95": 0.16666666666666666,
  "load_p95": 0.09625488109886643,
  "feasible_success_rate": 0.48,
  "avg_return": -2.04,
  "window": 50,
  "tail_percentile": 95.0,
  "energy_budget": 0.1,
  "load_budget": 0.05
}