{
  "best_feasible_iter": 286,
  "best_feasible_return": -1.82,
  "energy_budget": 0.1,
  "load_budget": 0.05,
  "gap_energy": -0.014306640625000006,
  "gap_load": -0.004125367105007174
}