{
  "iter": 366,
  "feasible_success_rate": 0.56,
  "avg_return": -2.18,
  "window": 50,
  "tail_window": 50,
  "tail_percentile": 95.0,
  "energy_p95": 0.17499999999999996,
  "load_p95": 0.16431432962417603,
  "tail_score": 3.2862865924835205,
  "energy_budget": 0.1,
  "load_budget": 0.05
}