{
  "iter": 743,
  "tail_score": 2.3661508585015927,
  "energy_p95": 0.17499999999999996,
  "load_p95": 0.11830754292507964,
  "feasible_success_rate": 0.4,
  "avg_return": -2.22,
  "window": 50,
  "tail_percentile": 95.0,
  "energy_budget": 0.1,
  "load_budget": 0.05
}