{
  "iter": 779,
  "feasible_success_rate": 0.16,
  "avg_return": 8.1,
  "window": 50,
  "tail_window": 50,
  "tail_percentile": 95.0,
  "energy_p95": 1.8333333333333333,
  "load_p95": 1.589199140202254,
  "tail_score": 3.178398280404508,
  "energy_budget": 1.2,
  "load_budget": 0.5
}