{
  "iter": 6,
  "tail_score": 2.5945529106261946,
  "energy_p95": 1.8887925052047185,
  "load_p95": 1.2972764553130973,
  "feasible_success_rate": 0.0,
  "avg_return": -18.24,
  "window": 50,
  "tail_percentile": 95.0,
  "energy_budget": 1.2,
  "load_budget": 0.5
}