{
  "iter": 348,
  "feasible_success_rate": 0.62,
  "avg_return": -2.06,
  "window": 50,
  "tail_window": 50,
  "tail_percentile": 95.0,
  "energy_p95": 0.16089743589743585,
  "load_p95": 0.11272298881050312,
  "tail_score": 2.254459776210062,
  "energy_budget": 0.1,
  "load_budget": 0.05
}