{
  "iter": 132,
  "tail_score": 1.335972850678733,
  "energy_p95": 1.6031674208144795,
  "load_p95": 0.6540360425465873,
  "feasible_success_rate": 0.32,
  "avg_return": 6.26,
  "window": 50,
  "tail_percentile": 95.0,
  "energy_budget": 1.2,
  "load_budget": 0.5
}