{
  "iter": 674,
  "feasible_success_rate": 0.54,
  "avg_return": 7.24,
  "window": 50,
  "tail_window": 50,
  "tail_percentile": 95.0,
  "energy_p95": 1.5010256410256408,
  "load_p95": 0.8585543026431249,
  "tail_score": 1.7171086052862499,
  "energy_budget": 1.2,
  "load_budget": 0.5
}