{
  "iter": 785,
  "tail_score": 2.5201749831438063,
  "energy_p95": 0.2413461538461538,
  "load_p95": 0.12600874915719032,
  "feasible_success_rate": 0.26,
  "avg_return": -1.9,
  "window": 50,
  "tail_percentile": 95.0,
  "energy_budget": 0.1,
  "load_budget": 0.05
}