{
  "best_feasible_iter": 532,
  "best_feasible_return": 8.36,
  "energy_budget": 1.35,
  "load_budget": 0.6,
  "gap_energy": -0.015039062500000089,
  "gap_load": -0.08547667264938352
}