{
  "iter": 63,
  "feasible_success_rate": 0.74,
  "avg_return": -2.84,
  "window": 50,
  "tail_window": 50,
  "tail_percentile": 95.0,
  "energy_p95": 0.14678571428571427,
  "load_p95": 0.10902776680886744,
  "tail_score": 2.1805553361773486,
  "energy_budget": 0.1,
  "load_budget": 0.05
}