{
  "best_feasible_iter": 243,
  "best_feasible_return": -1.7,
  "energy_budget": 0.1,
  "load_budget": 0.05,
  "gap_energy": -0.00014648437500000555,
  "gap_load": -0.013033553212881091
}