{
  "iter": 199,
  "feasible_success_rate": 0.6,
  "avg_return": -1.86,
  "window": 50,
  "tail_window": 50,
  "tail_percentile": 95.0,
  "energy_p95": 0.18181818181818182,
  "load_p95": 0.12652786414731632,
  "tail_score": 2.5305572829463263,
  "energy_budget": 0.1,
  "load_budget": 0.05
}