{
  "best_feasible_iter": 379,
  "best_feasible_return": -1.7,
  "energy_budget": 0.1,
  "load_budget": 0.05,
  "gap_energy": -0.0067382812500000056,
  "gap_load": -0.00012073963880539218
}