{
  "iter": 38,
  "tail_score": 1.2208038898922193,
  "energy_p95": 1.5634615384615382,
  "load_p95": 0.6104019449461097,
  "feasible_success_rate": 0.68,
  "avg_return": 6.2,
  "window": 50,
  "tail_percentile": 95.0,
  "energy_budget": 1.35,
  "load_budget": 0.5
}