{
  "best_feasible_iter": 408,
  "best_feasible_return": 8.34,
  "energy_budget": 1.35,
  "load_budget": 0.5,
  "gap_energy": -0.013085937500000089,
  "gap_load": -0.051744699478149414
}