{
  "best_feasible_iter": 306,
  "best_feasible_return": -1.74,
  "energy_budget": 0.1,
  "load_budget": 0.05,
  "gap_energy": -0.013085937500000006,
  "gap_load": -0.00036349445581436435
}