{
  "iter": 11,
  "feasible_success_rate": 0.12,
  "avg_return": -1.52,
  "window": 50,
  "tail_window": 50,
  "tail_percentile": 95.0,
  "energy_p95": 1.7659340659340659,
  "load_p95": 1.5183311452924766,
  "tail_score": 3.036662290584953,
  "energy_budget": 1.2,
  "load_budget": 0.5
}