{
  "iter": 319,
  "feasible_success_rate": 0.48,
  "avg_return": -2.04,
  "window": 50,
  "tail_window": 50,
  "tail_percentile": 95.0,
  "energy_p95": 0.2877272727272726,
  "load_p95": 0.1109929412603378,
  "tail_score": 2.219858825206756,
  "energy_budget": 0.15,
  "load_budget": 0.05
}