{
  "best_feasible_iter": 317,
  "best_feasible_return": -1.58,
  "energy_budget": 0.15,
  "load_budget": 0.05,
  "gap_energy": -0.018652343749999994,
  "gap_load": -0.014234199374914172
}