{
  "iter": 100,
  "tail_score": 1.393381297295647,
  "energy_p95": 1.7445054945054943,
  "load_p95": 0.6966906486478235,
  "feasible_success_rate": 0.44,
  "avg_return": 4.1,
  "window": 50,
  "tail_percentile": 95.0,
  "energy_budget": 1.35,
  "load_budget": 0.5
}