{
  "iter": 154,
  "feasible_success_rate": 0.6,
  "avg_return": 6.78,
  "window": 50,
  "tail_window": 50,
  "tail_percentile": 95.0,
  "energy_p95": 1.4826923076923075,
  "load_p95": 0.9699945745368799,
  "tail_score": 1.9399891490737597,
  "energy_budget": 1.35,
  "load_budget": 0.5
}