{
  "best_feasible_iter": 606,
  "best_feasible_return": -1.68,
  "energy_budget": 0.1,
  "load_budget": 0.05,
  "gap_energy": -0.0035644531250000056,
  "gap_load": -0.0007585205137729673
}