{
  "iter": 8,
  "tail_score": 4.684649653911413,
  "energy_p95": 1.8,
  "load_p95": 0.37477197231291304,
  "feasible_success_rate": 0.0,
  "avg_return": -16.72,
  "window": 50,
  "tail_percentile": 95.0,
  "energy_budget": 1.5,
  "load_budget": 0.08
}