{
  "iter": 1,
  "feasible_success_rate": 0.043478260869565216,
  "avg_return": -76.43478260869566,
  "window": 50,
  "tail_window": 50,
  "tail_percentile": 95.0,
  "energy_p95": 1.5714285714285714,
  "load_p95": 0.38750771397568523,
  "tail_score": 4.843846424696065,
  "energy_budget": 1.5,
  "load_budget": 0.08
}