{
  "iter": 746,
  "feasible_success_rate": 0.48,
  "avg_return": -1.88,
  "window": 50,
  "tail_window": 50,
  "tail_percentile": 95.0,
  "energy_p95": 0.2877272727272726,
  "load_p95": 0.09875701715548829,
  "tail_score": 2.877272727272726,
  "energy_budget": 0.1,
  "load_budget": 0.05
}