{
  "iter": 694,
  "tail_score": 2.727272727272727,
  "energy_p95": 0.2727272727272727,
  "load_p95": 0.11476108606566074,
  "feasible_success_rate": 0.34,
  "avg_return": -2.14,
  "window": 50,
  "tail_percentile": 95.0,
  "energy_budget": 0.1,
  "load_budget": 0.05
}