{
  "iter": 623,
  "feasible_success_rate": 0.64,
  "avg_return": -1.88,
  "window": 50,
  "tail_window": 50,
  "tail_percentile": 95.0,
  "energy_p95": 0.20785714285714282,
  "load_p95": 0.08206409071500483,
  "tail_score": 2.0785714285714283,
  "energy_budget": 0.1,
  "load_budget": 0.05
}