{
  "iter": 159,
  "tail_score": 1.9531121651331576,
  "energy_p95": 0.18499999999999991,
  "load_p95": 0.09765560825665788,
  "feasible_success_rate": 0.56,
  "avg_return": -2.78,
  "window": 50,
  "tail_percentile": 95.0,
  "energy_budget": 0.1,
  "load_budget": 0.05
}