{
  "iter": 386,
  "feasible_success_rate": 0.32,
  "avg_return": -1.86,
  "window": 50,
  "tail_window": 50,
  "tail_percentile": 95.0,
  "energy_p95": 0.16666666666666666,
  "load_p95": 0.1606092479079962,
  "tail_score": 5.3536415969332065,
  "energy_budget": 0.05,
  "load_budget": 0.03
}