{
  "iter": 209,
  "tail_score": 3.3460100243488946,
  "energy_p95": 0.16666666666666666,
  "load_p95": 0.10038030073046683,
  "feasible_success_rate": 0.22,
  "avg_return": -2.18,
  "window": 50,
  "tail_percentile": 95.0,
  "energy_budget": 0.05,
  "load_budget": 0.03
}