{
  "iter": 393,
  "feasible_success_rate": 0.52,
  "avg_return": -2.0,
  "window": 50,
  "tail_window": 50,
  "tail_percentile": 95.0,
  "energy_p95": 0.3042307692307692,
  "load_p95": 0.1286710446531122,
  "tail_score": 3.0423076923076917,
  "energy_budget": 0.1,
  "load_budget": 0.05
}