{
  "iter": 701,
  "tail_score": 0.04834999259863344,
  "energy_p95": 0.003488372093023223,
  "load_p95": 0.0024174996299316724,
  "feasible_success_rate": 0.3,
  "avg_return": -187.16,
  "window": 50,
  "tail_percentile": 95.0,
  "energy_budget": 0.1,
  "load_budget": 0.05
}