{
  "best_feasible_iter": 37,
  "best_feasible_return": -5.88,
  "energy_budget": 0.1,
  "load_budget": 0.05,
  "gap_energy": -0.043847656250000006,
  "gap_load": -0.022162254154682162
}