{
  "iter": 398,
  "tail_score": 2.413461538461538,
  "energy_p95": 0.2413461538461538,
  "load_p95": 0.10240833928187681,
  "feasible_success_rate": 0.44,
  "avg_return": -1.9,
  "window": 50,
  "tail_percentile": 95.0,
  "energy_budget": 0.1,
  "load_budget": 0.05
}