{
  "iter": 4,
  "tail_score": 2.619553645303948,
  "energy_p95": 1.8453846153846154,
  "load_p95": 1.309776822651974,
  "feasible_success_rate": 0.0,
  "avg_return": -40.12,
  "window": 50,
  "tail_percentile": 95.0,
  "energy_budget": 1.0,
  "load_budget": 0.5
}