{
  "iter": 209,
  "tail_score": 2.2372413624078025,
  "energy_p95": 0.0,
  "load_p95": 0.11186206812039014,
  "feasible_success_rate": 0.36,
  "avg_return": -117.52,
  "window": 50,
  "tail_percentile": 95.0,
  "energy_budget": 0.1,
  "load_budget": 0.05
}