{
  "iter": 82,
  "feasible_success_rate": 0.56,
  "avg_return": -2.4,
  "window": 50,
  "tail_window": 50,
  "tail_percentile": 95.0,
  "energy_p95": 0.1928571428571427,
  "load_p95": 0.13733079854286076,
  "tail_score": 2.746615970857215,
  "energy_budget": 0.1,
  "load_budget": 0.05
}