{
  "iter": 435,
  "feasible_success_rate": 0.5,
  "avg_return": -2.0,
  "window": 50,
  "tail_window": 50,
  "tail_percentile": 95.0,
  "energy_p95": 0.3499999999999999,
  "load_p95": 0.09977068914434847,
  "tail_score": 3.499999999999999,
  "energy_budget": 0.1,
  "load_budget": 0.05
}