{
  "iter": 74,
  "tail_score": 1.4186111369635908,
  "energy_p95": 1.6435897435897435,
  "load_p95": 0.7093055684817954,
  "feasible_success_rate": 0.54,
  "avg_return": 7.3,
  "window": 50,
  "tail_percentile": 95.0,
  "energy_budget": 1.35,
  "load_budget": 0.5
}