{
  "success_rate_a": 1.0,
  "success_rate_b": 1.0,
  "feasible_rate_a": 0.525,
  "feasible_rate_b": 0.485,
  "energy_mean_a": {
    "mean": 0.0729100899100899,
    "median": 0.07692307692307693,
    "p50": 0.07692307692307693,
    "p90": 0.16666666666666666,
    "p95": 0.2
  },
  "energy_mean_b": {
    "mean": 0.07243165168165168,
    "median": 0.07692307692307693,
    "p50": 0.07692307692307693,
    "p90": 0.16666666666666666,
    "p95": 0.2
  },
  "load_mean_a": {
    "mean": 0.038072855824252946,
    "median": 0.018833003193140033,
    "p50": 0.018833003193140033,
    "p90": 0.10679338317025791,
    "p95": 0.1357389988998571
  },
  "load_mean_b": {
    "mean": 0.04588812284443752,
    "median": 0.02672566650878816,
    "p50": 0.02672566650878816,
    "p90": 0.14042124353123434,
    "p95": 0.1576457894557006
  },
  "detour": {
    "mean_a": 0.0,
    "mean_b": 0.0,
    "median_a": 0.0,
    "median_b": 0.0,
    "p90_a": 0.0,
    "p90_b": 0.0
  },
  "delta_stats": {
    "d_energy_mean": 0.0004784382284382288,
    "d_load_mean": -0.007815267020184577,
    "d_detour_mean": 0.0,
    "b_lower_load_ratio": 0.16
  },
  "occupancy_L1": 0.269980879541109,
  "occupancy_JS": 0.027720846500951052
}