{
  "lagrange": {
    "total_energy_mean": 263.46,
    "total_energy_std": 200.1486396635852,
    "total_energy_p50": 258.0,
    "total_energy_p90": 512.0,
    "total_energy_p95": 512.0,
    "total_energy_gt0_pct": 100.0,
    "total_load_mean": 48.160546147660355,
    "total_load_std": 164.10528745944546,
    "total_load_p50": 1.185438260436058,
    "total_load_p90": 16.423601012677018,
    "total_load_p95": 423.42735042422976,
    "total_load_gt0_pct": 56.00000000000001,
    "gap_energy_mean": 262.26,
    "gap_energy_std": 200.1486396635852,
    "gap_energy_p50": 256.8,
    "gap_energy_p90": 510.8,
    "gap_energy_p95": 510.8,
    "gap_energy_gt0_pct": 100.0,
    "gap_load_mean": 47.660546147660355,
    "gap_load_std": 164.10528745944546,
    "gap_load_p50": 0.685438260436058,
    "gap_load_p90": 15.923601012677018,
    "gap_load_p95": 422.92735042422976,
    "gap_load_gt0_pct": 52.0,
    "success_rate": 0.3,
    "feasible_rate": 0.0
  },
  "reward_only": {
    "total_energy_mean": 154.96,
    "total_energy_std": 137.70346134105026,
    "total_energy_p50": 121.5,
    "total_energy_p90": 361.6,
    "total_energy_p95": 380.75,
    "total_energy_gt0_pct": 100.0,
    "total_load_mean": 64.61411833199672,
    "total_load_std": 101.12779839605558,
    "total_load_p50": 22.779795518144965,
    "total_load_p90": 160.61188777489596,
    "total_load_p95": 245.0872091446071,
    "total_load_gt0_pct": 88.0,
    "gap_energy_mean": 153.76,
    "gap_energy_std": 137.70346134105026,
    "gap_energy_p50": 120.30000000000001,
    "gap_energy_p90": 360.40000000000003,
    "gap_energy_p95": 379.55,
    "gap_energy_gt0_pct": 100.0,
    "gap_load_mean": 64.11411833199672,
    "gap_load_std": 101.12779839605558,
    "gap_load_p50": 22.279795518144965,
    "gap_load_p90": 160.11188777489596,
    "gap_load_p95": 244.5872091446071,
    "gap_load_gt0_pct": 86.0,
    "success_rate": 0.78,
    "feasible_rate": 0.0
  },
  "delta_mean_energy": 108.49999999999997,
  "delta_mean_load": -16.453572184336366,
  "delta_p95_energy": 131.25,
  "delta_p95_load": 178.34014127962266,
  "delta_feasible_rate": 0.0,
  "budget_energy": 1.2,
  "budget_load": 0.5
}