{
  "iter": 454,
  "tail_score": 1.6237800692817053,
  "energy_p95": 1.6666666666666667,
  "load_p95": 0.9742680415690231,
  "feasible_success_rate": 0.36,
  "avg_return": 7.72,
  "window": 50,
  "tail_percentile": 95.0,
  "energy_budget": 1.35,
  "load_budget": 0.6
}