{
  "iter": 196,
  "feasible_success_rate": 0.58,
  "avg_return": 6.72,
  "window": 50,
  "tail_window": 50,
  "tail_percentile": 95.0,
  "energy_p95": 1.4799999999999995,
  "load_p95": 1.248435232859964,
  "tail_score": 2.08072538809994,
  "energy_budget": 1.35,
  "load_budget": 0.6
}