{
  "iter": 348,
  "feasible_success_rate": 0.66,
  "avg_return": 6.98,
  "window": 50,
  "tail_window": 50,
  "tail_percentile": 95.0,
  "energy_p95": 1.4285714285714286,
  "load_p95": 1.0719712268328294,
  "tail_score": 1.7866187113880492,
  "energy_budget": 1.35,
  "load_budget": 0.6
}