{
  "iter": 304,
  "tail_score": 1.5966348077474166,
  "energy_p95": 1.6066666666666665,
  "load_p95": 0.95798088464845,
  "feasible_success_rate": 0.42,
  "avg_return": 7.06,
  "window": 50,
  "tail_percentile": 95.0,
  "energy_budget": 1.35,
  "load_budget": 0.6
}