{
  "iter": 195,
  "feasible_success_rate": 0.3,
  "avg_return": 7.64,
  "window": 50,
  "tail_window": 50,
  "tail_percentile": 95.0,
  "energy_p95": 1.3636363636363635,
  "load_p95": 1.2038996930305772,
  "tail_score": 2.4077993860611544,
  "energy_budget": 1.0,
  "load_budget": 0.5
}