{
  "best_feasible_iter": 647,
  "best_feasible_return": 8.3,
  "energy_budget": 1.35,
  "load_budget": 0.5,
  "gap_energy": -0.004296875000000089,
  "gap_load": -0.02689969539642334
}