{
  "best_feasible_iter": 300,
  "best_feasible_return": 15.8,
  "energy_budget": 1.35,
  "load_budget": 0.9,
  "gap_energy": -0.03847656250000009,
  "gap_load": -0.03982367515563967
}