{
  "iter": 84,
  "tail_score": 1.3595504272770096,
  "energy_p95": 1.7272727272727273,
  "load_p95": 0.8157302563662058,
  "feasible_success_rate": 0.34,
  "avg_return": 6.76,
  "window": 50,
  "tail_percentile": 95.0,
  "energy_budget": 1.35,
  "load_budget": 0.6
}