{
  "iter": 62,
  "feasible_success_rate": 0.62,
  "avg_return": 6.34,
  "window": 50,
  "tail_window": 50,
  "tail_percentile": 95.0,
  "energy_p95": 1.6153846153846154,
  "load_p95": 1.13511684594246,
  "tail_score": 1.8918614099041002,
  "energy_budget": 1.35,
  "load_budget": 0.6
}