run_tag,variant,energy_budget,load_budget,load_cost_scale,success_rate,feasible_success_rate,violation_energy_rate,violation_load_rate,mean_energy,std_energy,mean_load,std_load,corr_all,corr_success,quadr_feasible,quadr_E_only,quadr_L_only,quadr_both,success_only_count,total_count
C2C_V2_sharedcost_dual_E1.35_L0.900_seed0,V2,1.35,0.9,5.0,1.0,0.34,0.38,0.47,1.3259607059607061,0.23561078936689298,0.7925080137340224,0.5143107416677181,-0.036661119235987236,-0.036661119235987236,34,19,28,19,100,100
C2C_V5_true_singlehead_dual_E1.35_L0.900_seed0,V5,1.35,0.9,5.0,1.0,0.3,0.39,0.52,1.3244628704628705,0.21240773068939953,0.8539666651583179,0.49650026438484907,-0.1329102493758522,-0.1329102493758522,30,18,31,21,100,100
