{
  "best_feasible_iter": 418,
  "best_feasible_return": 15.84,
  "energy_budget": 1.35,
  "load_budget": 1.025,
  "gap_energy": -0.02968750000000009,
  "gap_load": -0.027924621105194003
}