{
  "best_feasible_iter": 713,
  "best_feasible_return": -1.68,
  "energy_budget": 0.1,
  "load_budget": 0.05,
  "gap_energy": -0.0040527343750000056,
  "gap_load": -0.02143063880503178
}