{
  "iter": 500,
  "tail_score": 1.6666666666666665,
  "energy_p95": 0.16666666666666666,
  "load_p95": 0.07758828190465768,
  "feasible_success_rate": 0.66,
  "avg_return": -2.1,
  "window": 50,
  "tail_percentile": 95.0,
  "energy_budget": 0.1,
  "load_budget": 0.05
}