{
  "iter": 178,
  "feasible_success_rate": 0.54,
  "avg_return": 6.88,
  "window": 50,
  "tail_window": 50,
  "tail_percentile": 95.0,
  "energy_p95": 1.6479166666666667,
  "load_p95": 1.2275945474930965,
  "tail_score": 2.0459909124884943,
  "energy_budget": 1.35,
  "load_budget": 0.6
}