{
  "best_feasible_iter": 742,
  "best_feasible_return": -1.76,
  "energy_budget": 0.1,
  "load_budget": 0.05,
  "gap_energy": -0.0018554687500000056,
  "gap_load": -0.027472066879272464
}