{
  "iter": 18,
  "tail_score": 2.6676907754137438,
  "energy_p95": 0.2413461538461538,
  "load_p95": 0.1333845387706872,
  "feasible_success_rate": 0.26,
  "avg_return": -6.52,
  "window": 50,
  "tail_percentile": 95.0,
  "energy_budget": 0.1,
  "load_budget": 0.05
}