{
  "best_feasible_iter": 9,
  "best_feasible_return": -24.9,
  "energy_budget": 0.1,
  "load_budget": 0.05,
  "gap_energy": -0.013330078125000006,
  "gap_load": -0.0015551701188087491
}