{
  "iter": 776,
  "tail_score": 2.0549274682998657,
  "energy_p95": 0.19181818181818178,
  "load_p95": 0.10274637341499329,
  "feasible_success_rate": 0.48,
  "avg_return": -1.94,
  "window": 50,
  "tail_percentile": 95.0,
  "energy_budget": 0.1,
  "load_budget": 0.05
}