{
  "iter": 44,
  "tail_score": 2.1011748706301048,
  "energy_p95": 0.1894117647058823,
  "load_p95": 0.10505874353150525,
  "feasible_success_rate": 0.38,
  "avg_return": -3.78,
  "window": 50,
  "tail_percentile": 95.0,
  "energy_budget": 0.1,
  "load_budget": 0.05
}