{
  "iter": 558,
  "feasible_success_rate": 0.68,
  "avg_return": -2.14,
  "window": 50,
  "tail_window": 50,
  "tail_percentile": 95.0,
  "energy_p95": 0.15384615384615385,
  "load_p95": 0.1258793031080411,
  "tail_score": 2.517586062160822,
  "energy_budget": 0.1,
  "load_budget": 0.05
}