{
  "best_feasible_iter": 379,
  "best_feasible_return": -1.64,
  "energy_budget": 0.1,
  "load_budget": 0.05,
  "gap_energy": -0.029199218750000006,
  "gap_load": -0.002915135771036151
}