{
  "best_feasible_iter": 553,
  "best_feasible_return": 8.3,
  "energy_budget": 1.35,
  "load_budget": 0.6,
  "gap_energy": -0.04238281250000009,
  "gap_load": -0.005059516429901101
}