{
  "iter": 492,
  "tail_score": 1.138313245901372,
  "energy_p95": 1.525,
  "load_p95": 0.6829879475408231,
  "feasible_success_rate": 0.76,
  "avg_return": 7.22,
  "window": 50,
  "tail_percentile": 95.0,
  "energy_budget": 1.35,
  "load_budget": 0.6
}