{
  "iter": 462,
  "feasible_success_rate": 0.62,
  "avg_return": -1.88,
  "window": 50,
  "tail_window": 50,
  "tail_percentile": 95.0,
  "energy_p95": 0.18499999999999991,
  "load_p95": 0.21389169631860178,
  "tail_score": 2.673646203982522,
  "energy_budget": 0.1,
  "load_budget": 0.08
}