{
  "iter": 516,
  "tail_score": 0.0029860796247209737,
  "energy_p95": 0.0,
  "load_p95": 0.0001493039812360487,
  "feasible_success_rate": 0.34,
  "avg_return": -192.76,
  "window": 50,
  "tail_percentile": 95.0,
  "energy_budget": 0.1,
  "load_budget": 0.05
}