{
  "iter": 593,
  "feasible_success_rate": 0.72,
  "avg_return": -2.02,
  "window": 50,
  "tail_window": 50,
  "tail_percentile": 95.0,
  "energy_p95": 0.17499999999999996,
  "load_p95": 0.10591949794728023,
  "tail_score": 2.1183899589456043,
  "energy_budget": 0.1,
  "load_budget": 0.05
}