{
  "iter": 91,
  "feasible_success_rate": 0.66,
  "avg_return": 7.86,
  "window": 50,
  "tail_window": 50,
  "tail_percentile": 95.0,
  "energy_p95": 1.6084615384615384,
  "load_p95": 0.9198047144768329,
  "tail_score": 1.8396094289536657,
  "energy_budget": 1.35,
  "load_budget": 0.5
}