{
  "iter": 1,
  "tail_score": 2.950984883188273,
  "energy_p95": 0.2950984883188273,
  "load_p95": 0.10019925599361394,
  "feasible_success_rate": 0.0,
  "avg_return": -178.63636363636363,
  "window": 50,
  "tail_percentile": 95.0,
  "energy_budget": 0.1,
  "load_budget": 0.05
}