{
  "iter": 698,
  "feasible_success_rate": 0.58,
  "avg_return": -2.02,
  "window": 50,
  "tail_window": 50,
  "tail_percentile": 95.0,
  "energy_p95": 0.17499999999999996,
  "load_p95": 0.13147627776249854,
  "tail_score": 2.6295255552499706,
  "energy_budget": 0.1,
  "load_budget": 0.05
}