{
  "best_feasible_iter": 789,
  "best_feasible_return": -1.64,
  "energy_budget": 0.1,
  "load_budget": 0.05,
  "gap_energy": -0.0077148437500000056,
  "gap_load": -0.00504516735672951
}