{
  "best_feasible_iter": 760,
  "best_feasible_return": -1.66,
  "energy_budget": 0.1,
  "load_budget": 0.05,
  "gap_energy": -0.0064941406250000056,
  "gap_load": -0.004321160912513736
}