{
  "iter": 762,
  "feasible_success_rate": 0.58,
  "avg_return": -2.04,
  "window": 50,
  "tail_window": 50,
  "tail_percentile": 95.0,
  "energy_p95": 0.23392857142857132,
  "load_p95": 0.12782194204628455,
  "tail_score": 2.556438840925691,
  "energy_budget": 0.1,
  "load_budget": 0.05
}