{
  "best_feasible_iter": 162,
  "best_feasible_return": 15.12,
  "energy_budget": 1.35,
  "load_budget": 0.195,
  "gap_energy": -0.003320312500000089,
  "gap_load": -0.0005767714977264471
}