{
  "best_feasible_iter": 241,
  "best_feasible_return": 15.86,
  "energy_budget": 1.35,
  "load_budget": 1.0,
  "gap_energy": -0.03750000000000009,
  "gap_load": -0.10223889350891113
}