{
  "best_feasible_iter": 406,
  "best_feasible_return": -1.64,
  "energy_budget": 0.1,
  "load_budget": 0.05,
  "gap_energy": -0.014062500000000006,
  "gap_load": -0.017773042619228366
}