{
  "iter": 256,
  "tail_score": 1.6799804245432208,
  "energy_p95": 0.16666666666666666,
  "load_p95": 0.08399902122716105,
  "feasible_success_rate": 0.64,
  "avg_return": -2.08,
  "window": 50,
  "tail_percentile": 95.0,
  "energy_budget": 0.1,
  "load_budget": 0.05
}