{
  "iter": 669,
  "feasible_success_rate": 0.7,
  "avg_return": -2.02,
  "window": 50,
  "tail_window": 50,
  "tail_percentile": 95.0,
  "energy_p95": 0.16089743589743585,
  "load_p95": 0.11511518146955593,
  "tail_score": 2.3023036293911185,
  "energy_budget": 0.1,
  "load_budget": 0.05
}