{
  "iter": 687,
  "feasible_success_rate": 0.54,
  "avg_return": 7.86,
  "window": 50,
  "tail_window": 50,
  "tail_percentile": 95.0,
  "energy_p95": 1.3076923076923077,
  "load_p95": 1.1956618190884138,
  "tail_score": 2.3913236381768277,
  "energy_budget": 1.2,
  "load_budget": 0.5
}