{
  "best_feasible_iter": 634,
  "best_feasible_return": 8.38,
  "energy_budget": 1.2,
  "load_budget": 0.5,
  "gap_energy": -0.036914062499999956,
  "gap_load": -0.05277004837989807
}