{
  "iter": 78,
  "tail_score": 1.584644457674585,
  "energy_p95": 1.5784615384615384,
  "load_p95": 0.7923222288372925,
  "feasible_success_rate": 0.4,
  "avg_return": 6.98,
  "window": 50,
  "tail_percentile": 95.0,
  "energy_budget": 1.2,
  "load_budget": 0.5
}