{
  "iter": 95,
  "tail_score": 1.6324119134057131,
  "energy_p95": 1.6435897435897435,
  "load_p95": 0.8162059567028566,
  "feasible_success_rate": 0.26,
  "avg_return": 7.18,
  "window": 50,
  "tail_percentile": 95.0,
  "energy_budget": 1.2,
  "load_budget": 0.5
}