{
  "iter": 157,
  "feasible_success_rate": 0.42,
  "avg_return": 8.04,
  "window": 50,
  "tail_window": 50,
  "tail_percentile": 95.0,
  "energy_p95": 1.5454545454545454,
  "load_p95": 0.8448910446216662,
  "tail_score": 1.6897820892433324,
  "energy_budget": 1.2,
  "load_budget": 0.5
}