{
  "iter": 301,
  "feasible_success_rate": 0.62,
  "avg_return": -2.06,
  "window": 50,
  "tail_window": 50,
  "tail_percentile": 95.0,
  "energy_p95": 0.24423076923076883,
  "load_p95": 0.1499025344671238,
  "tail_score": 2.9980506893424756,
  "energy_budget": 0.1,
  "load_budget": 0.05
}