{
  "iter": 354,
  "tail_score": 1.8181818181818181,
  "energy_p95": 0.2727272727272727,
  "load_p95": 0.12595864752164251,
  "feasible_success_rate": 0.34,
  "avg_return": -2.08,
  "window": 50,
  "tail_percentile": 95.0,
  "energy_budget": 0.15,
  "load_budget": 0.07
}