{
  "best_feasible_iter": 217,
  "best_feasible_return": -1.64,
  "energy_budget": 0.15,
  "load_budget": 0.07,
  "gap_energy": -0.023046874999999994,
  "gap_load": -0.007561679631471641
}